"District","County Number","County Name","License Type Code","License Number","Business (DBA-Does Business As) Name","Location Address","Location City","Location Zip Code","Inspection Number","Visit Number","Inspection Class","Inspection Type","Inspection Disposition","Inspection Date","Number of Critical Violations for inspections before 1/1/2013, blank after","Number of Noncritical Violations for inspections before 1/1/2013, blank after","Number of Total Violations (not including Reporting violations)","Number of High Priority Violations","Number of Intermediate Violations","Number of Basic Violations","PDA Status (Was the inspection generated using a mobile inspection device? Yes or No)",violation_01,violation_02,violation_03,violation_04,violation_05,violation_06,violation_07,violation_08,violation_09,violation_10,violation_11,violation_12,violation_13,violation_14,violation_15,violation_16,violation_17,violation_18,violation_19,violation_20,violation_21,violation_22,violation_23,violation_24,violation_25,violation_26,violation_27,violation_28,violation_29,violation_30,violation_31,violation_32,violation_33,violation_34,violation_35,violation_36,violation_37,violation_38,violation_39,violation_40,violation_41,violation_42,violation_43,violation_44,violation_45,violation_46,violation_47,violation_48,violation_49,violation_50,violation_51,violation_52,violation_53,violation_54,violation_55,violation_56,violation_57,violation_58,"License ID (unique for each owner)","Inspection Visit ID (unique for each inspection visit)"
"D1","23","Dade","2010",2300006,"SPS RESTAURANT","1757 NE 2 AVE","MIAMI","331321191",2498647,2,"Food","Routine - Food","Call Back - Complied","01/05/2016",,,3,1,1,1,"Y",0,0,0,0,0,0,0,0,0,0,0,0,0,0,0,0,0,0,0,0,0,0,0,0,0,0,1,0,1,0,0,0,0,0,0,1,0,0,0,0,0,0,0,0,0,0,0,0,0,0,0,0,0,0,0,0,0,0,2153540,5769863
"D1","23","Dade","2010",2300006,"SPS RESTAURANT","1757 NE 2 AVE","MIAMI","331321191",2560247,1,"Food","Routine - Food","Warning Issued","05/10/2016",,,21,6,4,11,"Y",1,0,2,0,1,1,0,0,0,0,0,1,0,1,0,0,0,0,0,0,0,4,0,1,0,0,1,0,4,0,0,0,0,0,1,2,0,0,0,0,0,0,0,0,0,0,0,0,0,0,0,0,1,0,0,0,0,0,2153540,5770307
"D1","23","Dade","2010",2300006,"SPS RESTAURANT","1757 NE 2 AVE","MIAMI","331321191",2498647,1,"Food","Routine - Food","Warning Issued","10/28/2015",,,16,5,3,8,"Y",0,2,3,0,2,0,0,1,0,0,0,0,0,1,0,0,0,0,0,0,1,0,0,0,0,0,1,0,2,0,0,0,0,0,0,2,0,0,0,0,0,1,0,0,0,0,0,0,0,0,0,0,0,0,0,0,0,0,2153540,5606807
"D1","23","Dade","2010",2300027,"MCDONALD'S #6266","6150 S DIXIE HWY","MIAMI","331435003",2494664,1,"Food","Routine - Food","Inspection Completed - No Further Action","08/04/2015",,,4,0,2,2,"Y",0,0,0,0,0,0,0,0,0,0,1,0,0,0,0,0,0,0,0,0,0,1,1,0,0,0,0,0,0,0,0,0,0,0,0,1,0,0,0,0,0,0,0,0,0,0,0,0,1,0,0,0,0,0,0,0,0,0,2153562,5598902
"D1","23","Dade","2010",2300067,"JERRY & JOE'S PIZZA","4799 PALM AVE","HIALEAH","330124037",2547788,1,"Food","Routine - Food","Inspection Completed - No Further Action","04/14/2016",,,5,1,1,3,"Y",0,0,2,0,0,0,0,1,0,0,0,0,0,0,0,0,0,0,0,0,1,0,0,0,0,0,0,0,0,0,0,0,1,0,0,0,0,0,0,0,0,0,0,0,0,0,0,0,0,0,0,0,0,0,0,0,0,0,2153599,5724095
"D1","23","Dade","2010",2300067,"JERRY & JOE'S PIZZA","4799 PALM AVE","HIALEAH","330124037",2491141,1,"Food","Routine - Food","Inspection Completed - No Further Action","08/28/2015",,,8,1,3,4,"Y",0,0,2,0,0,0,0,0,0,0,0,0,0,3,0,0,0,0,0,0,0,0,0,0,0,0,0,0,0,0,1,0,1,0,1,0,0,0,0,0,0,0,0,0,0,0,0,0,0,0,0,0,0,0,0,0,0,0,2153599,5591581
"D1","23","Dade","2010",2300076,"SOUTH GOLDEN SPRINGS II INC","5796 BIRD RD","MIAMI","33155",2533173,1,"Food","Routine - Food","Inspection Completed - No Further Action","11/17/2015",,,11,1,2,8,"Y",0,0,0,0,0,0,0,1,0,0,0,0,0,2,0,0,0,0,0,0,1,2,1,1,0,0,0,0,0,0,0,0,0,0,0,3,0,0,0,0,0,0,0,0,0,0,0,0,0,0,0,0,0,0,0,0,0,0,5858687,5660287
"D1","23","Dade","2010",2300076,"SOUTH GOLDEN SPRINGS II INC","5796 BIRD RD","MIAMI","33155",2582624,2,"Food","Complaint Full","Call Back - Extension given, pending","05/20/2016",,,4,1,2,1,"Y",0,0,0,0,1,0,0,0,0,0,0,0,0,0,0,0,0,0,0,0,0,0,0,0,0,0,0,0,2,0,0,0,0,0,0,0,0,0,0,0,0,0,0,0,0,0,0,0,0,0,0,0,1,0,0,0,0,0,5858687,5887121
"D1","23","Dade","2010",2300076,"SOUTH GOLDEN SPRINGS II INC","5796 BIRD RD","MIAMI","33155",2582624,1,"Food","Complaint Full","Warning Issued","05/17/2016",,,26,3,9,14,"Y",1,0,1,0,2,0,0,0,0,1,0,0,0,2,0,0,0,0,0,0,1,6,4,1,0,0,0,0,3,0,0,0,0,0,0,1,0,2,0,0,0,0,0,0,0,0,0,0,0,0,0,0,1,0,0,0,0,0,5858687,5887078
"D1","23","Dade","2010",2300079,"RINCONCITO CUBANO","7000 SW 87 AVE","MIAMI","33173",2548261,1,"Food","Routine - Food","Warning Issued","01/07/2016",,,20,3,10,7,"Y",0,1,0,0,0,0,0,2,0,0,2,1,0,0,0,2,0,0,0,0,0,1,4,0,0,0,0,0,0,0,5,0,0,0,0,0,0,0,0,0,0,0,0,0,0,0,0,0,0,0,0,0,2,0,0,0,0,0,6228231,5725576
"D1","23","Dade","2010",2300079,"RINCONCITO CUBANO","7000 SW 87 AVE","MIAMI","33173",2548261,2,"Food","Routine - Food","Call Back - Complied","03/08/2016",,,8,1,2,5,"Y",0,1,0,0,0,0,0,1,0,0,0,0,0,0,0,2,0,0,0,0,0,1,3,0,0,0,0,0,0,0,0,0,0,0,0,0,0,0,0,0,0,0,0,0,0,0,0,0,0,0,0,0,0,0,0,0,0,0,6228231,5812167
"D1","23","Dade","2010",2300079,"RINCONCITO CUBANO","7000 SW 87 AVE","MIAMI","33173",2620206,1,"Food","Routine - Food","Inspection Completed - No Further Action","07/05/2016",,,22,3,5,14,"Y",0,2,1,0,0,0,0,1,0,2,0,2,2,2,0,2,0,0,0,0,1,1,0,0,1,0,0,0,0,0,2,0,0,0,0,2,0,0,0,0,0,1,0,0,0,0,0,0,0,0,0,0,0,0,0,0,0,0,6228231,5968800
"D1","23","Dade","2010",2300079,"RINCONCITO CUBANO","7000 SW 87 AVE","MIAMI","33173",2547028,1,"Food","Food-Licensing Inspection","Inspection Completed - No Further Action","08/31/2015",,,16,1,10,5,"Y",0,2,0,0,0,0,0,0,0,0,2,1,0,1,0,2,0,0,0,0,0,3,0,0,0,0,0,0,0,0,0,0,0,0,0,1,0,0,0,0,0,1,0,0,0,0,0,0,0,0,0,0,3,0,0,0,0,0,6228231,5721123
"D1","23","Dade","2010",2300081,"JAKE & THE CAKE","6800 SW 57TH AVE","SOUTH MIAMI","33143",2533886,1,"Food","Routine - Food","Inspection Completed - No Further Action","07/28/2015",,,7,0,4,3,"Y",0,1,0,0,1,0,0,0,0,1,1,0,0,0,0,1,0,0,0,0,1,0,1,0,0,0,0,0,0,0,0,0,0,0,0,0,0,0,0,0,0,0,0,0,0,0,0,0,0,0,0,0,0,0,0,0,0,0,6118714,5661497
"D1","23","Dade","2010",2300091,"TANIA'S CAFE","1120 W FLAGER ST","MIAMI","33130",2525878,3,"Food","Routine - Food","Call Back - Complied","10/09/2015",,,2,0,1,1,"Y",0,0,0,0,0,0,0,0,0,0,0,0,1,0,0,1,0,0,0,0,0,0,0,0,0,0,0,0,0,0,0,0,0,0,0,0,0,0,0,0,0,0,0,0,0,0,0,0,0,0,0,0,0,0,0,0,0,0,5854868,5746250
"D1","23","Dade","2010",2300091,"TANIA'S CAFE","1120 W FLAGER ST","MIAMI","33130",2525878,2,"Food","Routine - Food","Call Back - Extension given, pending","09/29/2015",,,7,0,3,4,"Y",0,0,0,0,1,0,0,0,0,0,0,0,1,0,0,1,0,0,0,0,0,2,0,0,0,0,0,0,1,0,0,0,1,0,0,0,0,0,0,0,0,0,0,0,0,0,0,0,0,0,0,0,0,0,0,0,0,0,5854868,5738868
"D1","23","Dade","2010",2300091,"TANIA'S CAFE","1120 W FLAGER ST","MIAMI","33130",2525878,1,"Food","Routine - Food","Warning Issued","09/18/2015",,,18,0,7,11,"Y",0,0,0,0,1,0,0,0,0,0,1,0,1,0,0,1,0,0,0,0,1,4,2,1,0,0,2,0,1,0,0,0,1,0,0,1,0,0,0,0,0,1,0,0,0,0,0,0,0,0,0,0,0,0,0,0,0,0,5854868,5648691
"D1","23","Dade","2010",2300098,"LA PUPUSA FACTORY 2","1947 WEST FLAGLER ST","MIAMI","33135",2410164,3,"Food","Routine - Food","Admin. Complaint Callback Complied","08/26/2015",,,0,0,0,0,"Y",0,0,0,0,0,0,0,0,0,0,0,0,0,0,0,0,0,0,0,0,0,0,0,0,0,0,0,0,0,0,0,0,0,0,0,0,0,0,0,0,0,0,0,0,0,0,0,0,0,0,0,0,0,0,0,0,0,0,3791760,5706011
"D1","23","Dade","2010",2300098,"LA PUPUSA FACTORY 2","1947 WEST FLAGLER ST","MIAMI","33135",2507950,1,"Food","Routine - Food","Warning Issued","08/26/2015",,,55,6,10,39,"Y",4,2,2,0,2,1,0,2,0,0,0,1,1,9,0,1,0,0,0,0,1,3,5,1,0,0,0,0,1,0,1,1,3,0,1,10,0,1,0,1,0,0,0,0,0,0,0,0,0,1,0,0,0,0,0,0,0,0,3791760,5622315
"D1","23","Dade","2010",2300098,"LA PUPUSA FACTORY 2","1947 WEST FLAGLER ST","MIAMI","33135",2470437,3,"Food","Routine - Food","Call Back - Complied","08/24/2015",,,21,3,5,13,"Y",2,0,1,0,0,0,0,1,0,1,0,0,0,4,0,1,0,0,0,0,0,1,2,0,1,0,0,0,1,0,0,1,2,0,0,3,0,0,0,0,0,0,0,0,0,0,0,0,0,0,0,0,0,0,0,0,0,0,3791760,5694826
"D1","23","Dade","2010",2300098,"LA PUPUSA FACTORY 2","1947 WEST FLAGLER ST","MIAMI","33135",2470437,2,"Food","Routine - Food","Call Back - Extension given, pending","07/23/2015",,,21,3,5,13,"Y",2,0,1,0,0,0,0,1,0,1,0,0,0,4,0,1,0,0,0,0,0,1,2,0,1,0,0,0,1,0,0,1,2,0,0,3,0,0,0,0,0,0,0,0,0,0,0,0,0,0,0,0,0,0,0,0,0,0,3791760,5564275
"D1","23","Dade","2010",2300098,"LA PUPUSA FACTORY 2","1947 WEST FLAGLER ST","MIAMI","33135",2507950,2,"Food","Routine - Food","Call Back - Extension given, pending","09/29/2015",,,0,0,0,0,"Y",0,0,0,0,0,0,0,0,0,0,0,0,0,0,0,0,0,0,0,0,0,0,0,0,0,0,0,0,0,0,0,0,0,0,0,0,0,0,0,0,0,0,0,0,0,0,0,0,0,0,0,0,0,0,0,0,0,0,3791760,5721790
"D1","23","Dade","2010",2300116,"YING HAO CHINESE RESTAURANT","862 E 41 ST","HIALEAH","33013",2532267,1,"Food","Routine - Food","Inspection Completed - No Further Action","02/02/2016",,,17,3,5,9,"Y",0,1,0,0,0,0,0,2,0,0,0,2,1,2,0,2,0,0,0,0,1,2,0,0,0,0,0,0,0,0,1,0,0,0,0,1,0,0,0,0,1,0,0,0,0,0,0,0,0,0,0,0,1,0,0,0,0,0,5909660,5658879
"D1","23","Dade","2010",2300119,"LA ISLA CAFETERIA","2008 NW 20 ST","MIAMI","33142",2535316,1,"Food","Food-Licensing Inspection","Inspection Completed - No Further Action","09/03/2015",,,9,2,0,7,"Y",0,0,0,0,0,0,0,3,0,0,0,0,0,0,0,1,0,0,0,0,1,0,0,0,0,0,0,0,0,0,0,0,0,0,0,4,0,0,0,0,0,0,0,0,0,0,0,0,0,0,0,0,0,0,0,0,0,0,6185180,5679000
"D1","23","Dade","2010",2300119,"LA ISLA CAFETERIA","2008 NW 20 ST","MIAMI","33142",2548985,1,"Food","Routine - Food","Inspection Completed - No Further Action","04/07/2016",,,4,1,0,3,"Y",0,0,0,0,0,0,0,1,0,0,0,0,0,2,0,0,0,0,0,0,0,0,1,0,0,0,0,0,0,0,0,0,0,0,0,0,0,0,0,0,0,0,0,0,0,0,0,0,0,0,0,0,0,0,0,0,0,0,6185180,5728625
"D1","23","Dade","2010",2300130,"PANERA BREAD","1428 -30 ALTON ROAD","MIAMI BEACH","33139",2514423,1,"Food","Routine - Food","Inspection Completed - No Further Action","09/25/2015",,,6,1,1,4,"Y",0,0,0,0,0,0,0,0,0,0,0,0,0,0,0,0,0,0,0,0,0,0,0,0,0,0,0,0,0,0,1,0,2,0,1,0,0,1,0,0,0,1,0,0,0,0,0,0,0,0,0,0,0,0,0,0,0,0,4347798,5631566
"D1","23","Dade","2010",2300137,"PALM SPGS KEN FRIED CH","811 W 49 ST","HIALEAH","330123544",2494711,1,"Food","Routine - Food","Inspection Completed - No Further Action","11/16/2015",,,1,0,0,1,"Y",0,0,0,0,0,0,0,0,0,0,0,0,0,0,0,0,0,0,0,0,0,1,0,0,0,0,0,0,0,0,0,0,0,0,0,0,0,0,0,0,0,0,0,0,0,0,0,0,0,0,0,0,0,0,0,0,0,0,2153664,5598988
"D1","23","Dade","2010",2300137,"PALM SPGS KEN FRIED CH","811 W 49 ST","HIALEAH","330123544",2564721,1,"Food","Routine - Food","Inspection Completed - No Further Action","03/10/2016",,,1,1,0,0,"Y",0,0,0,0,0,0,0,1,0,0,0,0,0,0,0,0,0,0,0,0,0,0,0,0,0,0,0,0,0,0,0,0,0,0,0,0,0,0,0,0,0,0,0,0,0,0,0,0,0,0,0,0,0,0,0,0,0,0,2153664,5786258
"D1","23","Dade","2010",2300147,"JOES STONE CRABS RESTAURANT","227 BISCAYNE ST","MIAMI BEACH","331397309",2491169,1,"Food","Routine - Food","Inspection Completed - No Further Action","12/15/2015",,,9,2,1,6,"Y",0,0,2,0,0,0,0,0,0,2,0,0,1,1,0,0,0,0,0,0,1,0,0,0,0,0,0,0,0,0,0,0,0,0,0,0,0,0,0,0,1,1,0,0,0,0,0,0,0,0,0,0,0,0,0,0,0,0,2153670,5591662
"D1","23","Dade","2010",2300159,"AKASHI JAPANESE RESTAURANT","5830 S DIXIE HWY","SOUTH MIAMI","331433645",2573846,1,"Food","Routine - Food","Inspection Completed - No Further Action","03/24/2016",,,15,1,4,10,"Y",0,0,0,0,1,0,0,2,0,1,1,1,1,0,0,0,0,0,0,0,2,3,1,0,0,0,0,0,1,0,1,0,0,0,0,0,0,0,0,0,0,0,0,0,0,0,0,0,0,0,0,0,0,0,0,0,0,0,2153679,5820724
"D1","23","Dade","2010",2300159,"AKASHI JAPANESE RESTAURANT","5830 S DIXIE HWY","SOUTH MIAMI","331433645",2491170,2,"Food","Routine - Food","Call Back - Complied","02/02/2016",,,1,0,1,0,"Y",0,0,0,0,0,0,0,0,0,0,0,0,0,0,0,1,0,0,0,0,0,0,0,0,0,0,0,0,0,0,0,0,0,0,0,0,0,0,0,0,0,0,0,0,0,0,0,0,0,0,0,0,0,0,0,0,0,0,2153679,5820592
"D1","23","Dade","2010",2300159,"AKASHI JAPANESE RESTAURANT","5830 S DIXIE HWY","SOUTH MIAMI","331433645",2491170,1,"Food","Routine - Food","Warning Issued","01/22/2016",,,16,0,6,10,"Y",0,1,0,0,2,0,0,1,0,1,1,0,1,0,0,3,0,0,0,0,2,0,0,1,1,0,0,0,1,0,0,0,0,0,0,0,0,0,0,0,0,0,0,0,0,0,0,0,0,0,0,0,1,0,0,0,0,0,2153679,5591663
"D1","23","Dade","2010",2300161,"JIMMY'S EAST SIDE DINER","7201 BISCAYNE BLVD","MIAMI","331385118",2491171,1,"Food","Routine - Food","Inspection Completed - No Further Action","07/08/2015",,,18,2,3,13,"Y",0,0,1,0,1,0,0,3,0,0,0,0,0,2,0,0,0,0,0,0,1,4,2,0,1,0,0,0,1,0,0,0,0,0,0,2,0,0,0,0,0,0,0,0,0,0,0,0,0,0,0,0,0,0,0,0,0,0,2153681,5591664
"D1","23","Dade","2010",2300161,"JIMMY'S EAST SIDE DINER","7201 BISCAYNE BLVD","MIAMI","331385118",2536246,2,"Food","Routine - Food","Call Back - Complied","06/08/2016",,,0,0,0,0,"Y",0,0,0,0,0,0,0,0,0,0,0,0,0,0,0,0,0,0,0,0,0,0,0,0,0,0,0,0,0,0,0,0,0,0,0,0,0,0,0,0,0,0,0,0,0,0,0,0,0,0,0,0,0,0,0,0,0,0,2153681,5891947
"D1","23","Dade","2010",2300161,"JIMMY'S EAST SIDE DINER","7201 BISCAYNE BLVD","MIAMI","331385118",2536246,1,"Food","Routine - Food","Warning Issued","05/26/2016",,,30,5,12,13,"Y",0,2,3,0,0,0,0,3,0,0,0,2,0,0,0,4,0,0,0,0,1,5,0,2,0,0,0,0,0,0,2,2,0,0,0,3,0,0,0,0,1,0,0,0,0,0,0,0,0,0,0,0,0,0,0,0,0,0,2153681,5683187
"D1","23","Dade","2010",2300174,"EXPRESS-O-CAFE","4767 NW 36 ST","MIAMI SPRINGS","33166",2570965,1,"Food","Routine - Food","Inspection Completed - No Further Action","04/25/2016",,,6,0,1,5,"Y",0,1,0,0,0,0,0,0,0,0,0,0,1,0,0,0,0,0,0,0,0,1,0,0,0,0,0,0,0,0,0,0,0,0,2,1,0,0,0,0,0,0,0,0,0,0,0,0,0,0,0,0,0,0,0,0,0,0,4076996,5806270
"D1","23","Dade","2010",2300174,"EXPRESS-O-CAFE","4767 NW 36 ST","MIAMI SPRINGS","33166",2511141,1,"Food","Routine - Food","Inspection Completed - No Further Action","12/23/2015",,,5,0,2,3,"Y",0,0,0,0,1,0,0,0,0,0,0,0,0,0,0,0,0,0,0,0,0,0,0,0,1,0,0,0,0,0,2,1,0,0,0,0,0,0,0,0,0,0,0,0,0,0,0,0,0,0,0,0,0,0,0,0,0,0,4076996,5626863
"D1","23","Dade","2010",2300233,"CVI.CHE 105 SOUTH BEACH","1245 LINCOLN RD","MIAMI BEACH","33139",2565200,1,"Food","Routine - Food","Inspection Completed - No Further Action","05/03/2016",,,13,2,4,7,"Y",0,0,1,0,0,0,0,4,0,0,0,0,0,1,0,0,0,0,0,0,0,2,0,2,0,0,0,0,0,0,2,0,0,0,0,1,0,0,0,0,0,0,0,0,0,0,0,0,0,0,0,0,0,0,0,0,0,0,5846060,5787321
"D1","23","Dade","2010",2300233,"CVI.CHE 105 SOUTH BEACH","1245 LINCOLN RD","MIAMI BEACH","33139",2528838,1,"Food","Routine - Food","Inspection Completed - No Further Action","11/24/2015",,,17,6,6,5,"Y",2,2,2,0,0,0,0,2,0,2,0,1,0,0,0,0,0,0,0,0,0,0,0,0,0,0,0,0,2,0,3,0,0,0,0,0,0,0,0,0,0,1,0,0,0,0,0,0,0,0,0,0,0,0,0,0,0,0,5846060,5653462
"D2","16","Broward","2010",1600001,"CATERING AT INVERRARY","3840 INVERRARY BLVD","LAUDERHILL","33319",2544988,1,"Food","Routine - Food","Inspection Completed - No Further Action","03/04/2016",,,5,0,1,4,"Y",0,0,0,0,0,0,0,0,0,0,0,0,0,0,0,0,0,0,0,0,0,0,1,0,0,0,0,0,0,0,1,0,0,0,0,1,0,1,0,0,0,1,0,0,0,0,0,0,0,0,0,0,0,0,0,0,0,0,5232342,5713858
"D2","16","Broward","2010",1600001,"CATERING AT INVERRARY","3840 INVERRARY BLVD","LAUDERHILL","33319",2581341,2,"Food","Complaint Full","Call Back - Extension given, pending","04/27/2016",,,7,2,0,5,"Y",0,0,0,0,0,0,0,0,0,0,0,0,0,0,0,0,0,0,0,0,0,0,0,0,0,0,0,0,0,0,0,0,0,0,2,4,0,1,0,0,0,0,0,0,0,0,0,0,0,0,0,0,0,0,0,0,0,0,5232342,5875563
"D2","16","Broward","2012",1600001,"GULFSTREAM PARK THEME PARK CARTS","901 S FEDERAL HWY","HALLANDALE BEACH","33009",1056457,1,"Food","Routine - Food","Inspection Completed - No Further Action","04/21/2016",,,1,0,1,0,"Y",0,0,0,0,0,0,0,0,0,0,0,0,0,0,0,0,0,0,0,0,0,0,0,0,0,0,0,0,0,0,1,0,0,0,0,0,0,0,0,0,0,0,0,0,0,0,0,0,0,0,0,0,0,0,0,0,0,0,5354639,5642368
"D2","16","Broward","2010",1600001,"CATERING AT INVERRARY","3840 INVERRARY BLVD","LAUDERHILL","33319",2516905,2,"Food","Routine - Food","Call Back - Complied","10/19/2015",,,1,0,0,1,"Y",0,0,0,0,0,0,0,0,0,0,0,0,0,1,0,0,0,0,0,0,0,0,0,0,0,0,0,0,0,0,0,0,0,0,0,0,0,0,0,0,0,0,0,0,0,0,0,0,0,0,0,0,0,0,0,0,0,0,5232342,5713479
"D2","16","Broward","2010",1600001,"CATERING AT INVERRARY","3840 INVERRARY BLVD","LAUDERHILL","33319",2581341,4,"Food","Complaint Full","Call Back - Complied","05/06/2016",,,2,0,0,2,"Y",0,0,0,0,0,0,0,0,0,0,0,0,0,0,0,0,0,0,0,0,0,0,0,0,0,0,0,0,0,0,0,0,0,0,0,1,0,1,0,0,0,0,0,0,0,0,0,0,0,0,0,0,0,0,0,0,0,0,5232342,5876226
"D2","16","Broward","2010",1600001,"CATERING AT INVERRARY","3840 INVERRARY BLVD","LAUDERHILL","33319",2581341,3,"Food","Complaint Full","Call Back - Extension given, pending","04/28/2016",,,4,0,0,4,"Y",0,0,0,0,0,0,0,0,0,0,0,0,0,0,0,0,0,0,0,0,0,0,0,0,0,0,0,0,0,0,0,0,0,0,0,3,0,1,0,0,0,0,0,0,0,0,0,0,0,0,0,0,0,0,0,0,0,0,5232342,5875969
"D2","16","Broward","2010",1600001,"CATERING AT INVERRARY","3840 INVERRARY BLVD","LAUDERHILL","33319",2581341,1,"Food","Complaint Full","Warning Issued","04/27/2016",,,8,2,0,6,"Y",0,0,0,0,0,0,0,0,0,0,0,0,0,0,0,0,0,0,0,0,0,0,0,0,0,0,0,0,0,0,0,0,0,0,3,4,0,1,0,0,0,0,0,0,0,0,0,0,0,0,0,0,0,0,0,0,0,0,5232342,5874889
"D2","16","Broward","2010",1600001,"CATERING AT INVERRARY","3840 INVERRARY BLVD","LAUDERHILL","33319",2516905,1,"Food","Routine - Food","Warning Issued","08/17/2015",,,7,0,3,4,"Y",0,1,1,0,0,0,0,0,0,1,0,0,0,1,0,0,0,0,0,0,1,0,0,1,0,0,0,0,0,0,0,0,0,0,0,0,0,0,0,0,0,0,0,0,0,0,0,0,0,0,0,0,1,0,0,0,0,0,5232342,5635288
"D2","16","Broward","2010",1600008,"OLYMPIC FLAME DINER","80 S FEDERAL HWY","DEERFIELD BEACH","33441-4127",2545568,1,"Food","Routine - Food","Warning Issued","03/22/2016",,,13,4,0,9,"Y",0,0,0,0,0,0,0,3,0,0,0,3,1,1,0,0,0,0,0,0,1,0,1,0,0,0,0,0,0,0,0,0,0,0,0,1,0,1,0,1,0,0,0,0,0,0,0,0,0,0,0,0,0,0,0,0,0,0,2136321,5716097
"D2","16","Broward","2010",1600008,"OLYMPIC FLAME DINER","80 S FEDERAL HWY","DEERFIELD BEACH","33441-4127",2498668,2,"Food","Routine - Food","Call Back - Complied","08/20/2015",,,0,0,0,0,"Y",0,0,0,0,0,0,0,0,0,0,0,0,0,0,0,0,0,0,0,0,0,0,0,0,0,0,0,0,0,0,0,0,0,0,0,0,0,0,0,0,0,0,0,0,0,0,0,0,0,0,0,0,0,0,0,0,0,0,2136321,5715998
"D2","16","Broward","2010",1600008,"OLYMPIC FLAME DINER","80 S FEDERAL HWY","DEERFIELD BEACH","33441-4127",2545568,2,"Food","Routine - Food","Call Back - Complied","03/23/2016",,,1,0,0,1,"Y",0,0,0,0,0,0,0,0,0,0,0,0,0,1,0,0,0,0,0,0,0,0,0,0,0,0,0,0,0,0,0,0,0,0,0,0,0,0,0,0,0,0,0,0,0,0,0,0,0,0,0,0,0,0,0,0,0,0,2136321,5854104
"D2","16","Broward","2010",1600008,"OLYMPIC FLAME DINER","80 S FEDERAL HWY","DEERFIELD BEACH","33441-4127",2498668,1,"Food","Routine - Food","Warning Issued","08/19/2015",,,7,3,1,3,"Y",1,1,1,0,0,0,0,0,0,0,0,2,0,1,0,0,0,0,0,0,1,0,0,0,0,0,0,0,0,0,0,0,0,0,0,0,0,0,0,0,0,0,0,0,0,0,0,0,0,0,0,0,0,0,0,0,0,0,2136321,5606850
"D2","16","Broward","2010",1600020,"HILLSBORO CLUB DINING ROOM","901 HILLSBORO MILE (A1A)","HILLSBORO BEACH","33062",2567100,1,"Food","Routine - Food","Inspection Completed - No Further Action","04/21/2016",,,12,2,1,9,"Y",0,0,1,0,0,0,0,0,0,1,0,2,1,0,0,0,0,0,0,0,0,1,0,0,0,0,0,0,1,0,0,0,3,0,0,2,0,0,0,0,0,0,0,0,0,0,0,0,0,0,0,0,0,0,0,0,0,0,2136341,5793975
"D2","16","Broward","2010",1600020,"HILLSBORO CLUB DINING ROOM","901 HILLSBORO MILE (A1A)","HILLSBORO BEACH","33062",2491926,1,"Food","Routine - Food","Inspection Completed - No Further Action","12/07/2015",,,12,4,2,6,"Y",0,1,2,0,0,0,0,1,1,1,0,2,0,0,0,0,0,0,0,0,0,1,2,0,0,0,0,0,0,0,0,0,1,0,0,0,0,0,0,0,0,0,0,0,0,0,0,0,0,0,0,0,0,0,0,0,0,0,2136341,5593539
"D2","16","Broward","2010",1600027,"JUNGLE QUEEN BBQ","2470 SW 21 ST","FORT LAUDERDALE","33312-4507",2494174,1,"Food","Routine - Food","Inspection Completed - No Further Action","05/12/2016",,,9,2,2,5,"Y",0,1,0,0,0,0,0,0,0,0,0,1,0,0,0,1,0,0,0,0,0,0,0,0,0,0,0,0,1,0,1,0,0,0,1,3,0,0,0,0,0,0,0,0,0,0,0,0,0,0,0,0,0,0,0,0,0,0,2136356,5597600
"D2","16","Broward","2010",1600030,"FT LAUDERDALE COUNTRY CLUB","415 COUNTRY CLUB CIR","PLANTATION","33317-4095",2458526,3,"Food","Routine - Food","Call Back - Complied","07/14/2015",,,3,0,1,2,"Y",0,0,0,0,0,0,0,0,0,0,0,0,0,1,0,0,0,0,0,0,0,1,0,0,0,0,0,0,0,0,0,0,1,0,0,0,0,0,0,0,0,0,0,0,0,0,0,0,0,0,0,0,0,0,0,0,0,0,2136361,5662678
"D2","16","Broward","2010",1600030,"FT LAUDERDALE COUNTRY CLUB","415 COUNTRY CLUB CIR","PLANTATION","33317-4095",2494158,1,"Food","Routine - Food","Inspection Completed - No Further Action","09/09/2015",,,8,0,2,6,"Y",0,0,0,0,0,0,0,0,0,2,0,0,1,1,0,0,0,0,0,0,0,0,0,0,1,0,0,0,0,0,2,0,0,0,0,0,0,0,0,0,0,1,0,0,0,0,0,0,0,0,0,0,0,0,0,0,0,0,2136361,5597540
"D2","16","Broward","2010",1600030,"FT LAUDERDALE COUNTRY CLUB","415 COUNTRY CLUB CIR","PLANTATION","33317-4095",2549697,1,"Food","Routine - Food","Inspection Completed - No Further Action","02/23/2016",,,15,2,6,7,"Y",0,0,0,0,0,0,0,0,1,1,0,2,0,1,0,1,0,0,0,0,2,1,0,1,1,0,0,0,0,0,4,0,0,0,0,0,0,0,0,0,0,0,0,0,0,0,0,0,0,0,0,0,0,0,0,0,0,0,2136361,5731481
"D2","16","Broward","2010",1600053,"MCDONALDS #1585","2025 E ATLANTIC BLVD","POMPANO BEACH","33060-6553",2498669,1,"Food","Routine - Food","Inspection Completed - No Further Action","10/19/2015",,,5,1,0,4,"Y",0,0,0,0,0,0,0,0,0,0,0,0,0,1,0,0,0,0,0,0,1,0,0,0,0,0,0,0,1,0,0,0,1,0,0,1,0,0,0,0,0,0,0,0,0,0,0,0,0,0,0,0,0,0,0,0,0,0,2136396,5606854
"D2","16","Broward","2010",1600066,"HAPPY HOUSE","4089 N ANDREWS AVE","FORT LAUDERDALE","33309",2559238,2,"Food","Complaint Full","Call Back - Complied","11/02/2015",,,1,0,0,1,"Y",0,0,0,0,0,0,0,1,0,0,0,0,0,0,0,0,0,0,0,0,0,0,0,0,0,0,0,0,0,0,0,0,0,0,0,0,0,0,0,0,0,0,0,0,0,0,0,0,0,0,0,0,0,0,0,0,0,0,5908504,5772053
"D2","16","Broward","2010",1600066,"HAPPY HOUSE","4089 N ANDREWS AVE","FORT LAUDERDALE","33309",2523902,1,"Food","Routine - Food","Warning Issued","09/16/2015",,,19,4,4,11,"Y",0,1,1,0,0,0,0,3,0,0,0,0,0,4,0,0,0,0,0,0,0,1,3,0,0,0,1,0,1,0,0,0,0,0,0,1,0,2,0,0,1,0,0,0,0,0,0,0,0,0,0,0,0,0,0,0,0,0,5908504,5645640
"D2","16","Broward","2010",1600066,"HAPPY HOUSE","4089 N ANDREWS AVE","FORT LAUDERDALE","33309",2559238,1,"Food","Complaint Full","Warning Issued","10/29/2015",,,10,1,6,3,"Y",0,2,1,0,0,1,0,1,0,0,0,0,0,2,0,0,0,0,0,0,0,1,1,0,0,0,0,0,0,0,0,0,0,0,0,0,0,0,0,0,0,0,0,0,0,0,0,0,0,0,0,0,1,0,0,0,0,0,5908504,5766867
"D2","16","Broward","2010",1600066,"HAPPY HOUSE","4089 N ANDREWS AVE","FORT LAUDERDALE","33309",2523902,2,"Food","Routine - Food","Call Back - Extension given, pending","10/29/2015",,,19,4,4,11,"Y",0,1,1,0,0,0,0,3,0,0,0,0,0,4,0,0,0,0,0,0,0,1,3,0,0,0,1,0,1,0,0,0,0,0,0,1,0,2,0,0,1,0,0,0,0,0,0,0,0,0,0,0,0,0,0,0,0,0,5908504,5736709
"D2","16","Broward","2010",1600066,"HAPPY HOUSE","4089 N ANDREWS AVE","FORT LAUDERDALE","33309",2523902,3,"Food","Routine - Food","Call Back - Complied","11/02/2015",,,3,0,0,3,"Y",0,0,0,0,0,0,0,1,0,0,0,0,0,0,0,0,0,0,0,0,0,0,0,0,0,0,0,0,0,0,0,0,0,0,0,1,0,1,0,0,0,0,0,0,0,0,0,0,0,0,0,0,0,0,0,0,0,0,5908504,5772052
"D2","16","Broward","2010",1600067,"WESTIN BEACH RESORT FORT LAUDERDALE (THE)","303 N FORT LAUDERDALE BEACH BLVD","FORT LAUDERDALE","33304",2565382,1,"Food","Routine - Food","Inspection Completed - No Further Action","03/14/2016",,,2,1,0,1,"Y",0,0,0,0,0,1,0,0,0,0,0,1,0,0,0,0,0,0,0,0,0,0,0,0,0,0,0,0,0,0,0,0,0,0,0,0,0,0,0,0,0,0,0,0,0,0,0,0,0,0,0,0,0,0,0,0,0,0,6013104,5787843
"D2","16","Broward","2010",1600067,"WESTIN BEACH RESORT FORT LAUDERDALE (THE)","303 N FORT LAUDERDALE BEACH BLVD","FORT LAUDERDALE","33304",2535054,1,"Food","Routine - Food","Inspection Completed - No Further Action","11/25/2015",,,1,0,0,1,"Y",0,0,0,0,0,0,0,0,0,0,0,0,0,0,0,0,0,0,0,0,0,0,0,0,0,0,0,0,0,0,0,0,0,0,0,1,0,0,0,0,0,0,0,0,0,0,0,0,0,0,0,0,0,0,0,0,0,0,6013104,5678635
"D2","16","Broward","2010",1600069,"TROPICAL ACRES STEAK HOUSE","2500 GRIFFIN RD","FORT LAUDERDALE","33312-5921",2568422,1,"Food","Routine - Food","Inspection Completed - No Further Action","05/25/2016",,,5,0,2,3,"Y",0,0,0,0,0,0,0,0,0,2,0,0,0,1,0,0,0,0,0,0,0,0,0,0,0,0,1,0,0,0,1,0,0,0,0,0,0,0,0,0,0,0,0,0,0,0,0,0,0,0,0,0,0,0,0,0,0,0,2136422,5797900
"D2","16","Broward","2010",1600069,"TROPICAL ACRES STEAK HOUSE","2500 GRIFFIN RD","FORT LAUDERDALE","33312-5921",2494160,1,"Food","Routine - Food","Warning Issued","12/11/2015",,,5,1,2,2,"Y",0,0,1,0,0,0,0,3,0,0,0,0,0,0,0,0,0,0,0,0,0,0,0,0,0,0,0,0,0,0,0,0,0,0,0,0,0,0,0,0,0,0,0,0,0,0,0,0,0,0,0,0,1,0,0,0,0,0,2136422,5597546
"D2","16","Broward","2010",1600069,"TROPICAL ACRES STEAK HOUSE","2500 GRIFFIN RD","FORT LAUDERDALE","33312-5921",2494160,2,"Food","Routine - Food","Call Back - Complied","12/17/2015",,,0,0,0,0,"Y",0,0,0,0,0,0,0,0,0,0,0,0,0,0,0,0,0,0,0,0,0,0,0,0,0,0,0,0,0,0,0,0,0,0,0,0,0,0,0,0,0,0,0,0,0,0,0,0,0,0,0,0,0,0,0,0,0,0,2136422,5797746
"D2","16","Broward","2010",1600073,"NICK'S RESTAURANT LLC","105 E HALLANDALE BEACH BLVD","HALLANDALE BEACH","33009",2556187,1,"Food","Routine - Food","Warning Issued","04/06/2016",,,15,3,1,11,"Y",0,0,1,0,0,0,0,2,0,0,0,1,0,1,0,1,0,0,0,0,0,3,1,0,0,0,0,1,2,0,0,1,0,0,0,1,0,0,0,0,0,0,0,0,0,0,0,0,0,0,0,0,0,0,0,0,0,0,5789941,5755235
"D2","16","Broward","2010",1600073,"NICK'S RESTAURANT LLC","105 E HALLANDALE BEACH BLVD","HALLANDALE BEACH","33009",2525175,2,"Food","Routine - Food","Call Back - Complied","10/16/2015",,,0,0,0,0,"Y",0,0,0,0,0,0,0,0,0,0,0,0,0,0,0,0,0,0,0,0,0,0,0,0,0,0,0,0,0,0,0,0,0,0,0,0,0,0,0,0,0,0,0,0,0,0,0,0,0,0,0,0,0,0,0,0,0,0,5789941,5754909
"D2","16","Broward","2010",1600073,"NICK'S RESTAURANT LLC","105 E HALLANDALE BEACH BLVD","HALLANDALE BEACH","33009",2525175,1,"Food","Routine - Food","Warning Issued","10/09/2015",,,15,5,2,8,"Y",0,1,0,0,0,0,0,2,0,0,0,3,0,0,0,1,0,0,0,0,1,2,1,0,0,0,0,0,1,0,0,1,0,0,0,2,0,0,0,0,0,0,0,0,0,0,0,0,0,0,0,0,0,0,0,0,0,0,5789941,5647635
"D2","16","Broward","2010",1600073,"NICK'S RESTAURANT LLC","105 E HALLANDALE BEACH BLVD","HALLANDALE BEACH","33009",2556187,2,"Food","Routine - Food","Call Back - Complied","04/06/2016",,,7,0,1,6,"Y",0,0,0,0,0,0,0,0,0,0,0,0,0,1,0,0,0,0,0,0,0,2,1,0,0,0,0,1,0,0,0,1,0,0,0,1,0,0,0,0,0,0,0,0,0,0,0,0,0,0,0,0,0,0,0,0,0,0,5789941,5863039
"D2","16","Broward","2010",1600080,"SOUTH ROCK LOUNGE BAR & GRILL","3670 N SR 7","LAUDERDALE LAKES","33319",2462575,2,"Food","Routine - Food","Call Back - Complied","11/16/2015",,,7,0,3,4,"Y",0,0,0,0,0,0,0,0,0,0,0,0,0,1,0,0,0,0,0,0,0,1,1,0,0,0,0,0,0,0,1,1,0,0,0,1,0,0,0,0,0,0,0,0,0,0,0,0,0,0,0,0,1,0,0,0,0,0,4195693,5572208
"D2","16","Broward","2010",1600080,"SOUTH ROCK LOUNGE BAR & GRILL","3670 N SR 7","LAUDERDALE LAKES","33319",2512714,2,"Food","Routine - Food","Call Back - Extension given, pending","01/28/2016",,,7,0,4,3,"Y",0,0,0,0,0,0,0,0,0,0,0,0,0,1,0,0,0,0,0,0,1,1,0,0,0,0,0,0,0,0,1,1,0,0,0,0,0,0,0,0,0,0,0,0,0,0,0,0,0,0,0,0,2,0,0,0,0,0,4195693,5780880
"D2","16","Broward","2010",1600080,"SOUTH ROCK LOUNGE BAR & GRILL","3670 N SR 7","LAUDERDALE LAKES","33319",2512714,1,"Food","Routine - Food","Warning Issued","11/16/2015",,,11,0,5,6,"Y",0,0,0,0,0,0,0,0,0,0,0,0,0,1,0,0,0,0,0,0,1,1,1,0,0,0,0,0,0,0,2,1,0,0,0,2,0,0,0,0,0,0,0,0,0,0,0,0,0,0,0,0,2,0,0,0,0,0,4195693,5629036
"D2","16","Broward","2010",1600080,"SOUTH ROCK LOUNGE BAR & GRILL","3670 N SR 7","LAUDERDALE LAKES","33319",2512714,3,"Food","Routine - Food","Call Back - Complied","02/08/2016",,,0,0,0,0,"Y",0,0,0,0,0,0,0,0,0,0,0,0,0,0,0,0,0,0,0,0,0,0,0,0,0,0,0,0,0,0,0,0,0,0,0,0,0,0,0,0,0,0,0,0,0,0,0,0,0,0,0,0,0,0,0,0,0,0,4195693,5823856
"D2","16","Broward","2010",1600080,"SOUTH ROCK LOUNGE BAR & GRILL","3670 N SR 7","LAUDERDALE LAKES","33319",2563260,1,"Food","Routine - Food","Inspection Completed - No Further Action","06/08/2016",,,4,0,2,2,"Y",0,0,0,0,0,0,0,0,0,0,0,0,0,1,0,0,0,0,0,0,0,0,0,0,0,0,0,0,0,0,2,0,0,0,0,1,0,0,0,0,0,0,0,0,0,0,0,0,0,0,0,0,0,0,0,0,0,0,4195693,5781499
"D2","16","Broward","2010",1600081,"CHAMPIONS GRILLE","3840 INVERRARY BLVD","LAUDERHILL","33319",2530213,1,"Food","Routine - Food","Warning Issued","10/19/2015",,,15,3,5,7,"Y",1,1,2,0,0,0,0,0,0,0,0,0,0,1,0,0,0,0,0,0,1,1,2,0,1,0,0,0,0,0,1,0,0,0,0,1,0,0,0,0,0,1,0,0,0,0,0,0,0,0,1,0,1,0,0,0,0,0,6073003,5655627
"D2","16","Broward","2010",1600081,"CHAMPIONS GRILLE","3840 INVERRARY BLVD","LAUDERHILL","33319",2530213,2,"Food","Routine - Food","Call Back - Complied","11/18/2015",,,2,0,0,2,"Y",0,0,0,0,0,0,0,0,0,0,0,0,0,1,0,0,0,0,0,0,0,0,0,0,0,0,0,0,0,0,0,0,0,0,0,1,0,0,0,0,0,0,0,0,0,0,0,0,0,0,0,0,0,0,0,0,0,0,6073003,5761153
"D3","19","Citrus","2010",1900001,"LA CANTINA DE MEXICO","104 US HWY 41 S","INVERNESS","34450",2563760,1,"Food","Food-Licensing Inspection","Inspection Completed - No Further Action","01/06/2016",,,4,1,0,3,"Y",0,0,0,0,0,0,0,0,0,0,0,0,0,0,0,0,0,0,0,0,0,0,0,0,0,0,0,0,1,0,0,0,1,0,1,0,0,0,0,0,0,0,0,0,0,0,0,0,0,0,1,0,0,0,0,0,0,0,6296932,5782832
"D3","19","Citrus","2015",1900002,"CITRUS MEMORIAL HOSPITAL","502 W HIGHLAND BLVD","INVERNESS","34452",1104357,1,"Food","Routine - Food","Inspection Completed - No Further Action","03/25/2016",,,0,0,0,0,"Y",0,0,0,0,0,0,0,0,0,0,0,0,0,0,0,0,0,0,0,0,0,0,0,0,0,0,0,0,0,0,0,0,0,0,0,0,0,0,0,0,0,0,0,0,0,0,0,0,0,0,0,0,0,0,0,0,0,0,3713574,5621242
"D3","19","Citrus","2015",1900003,"CITRUS MEMORIAL HOSPITAL","502 W HIGHLAND BLVD","INVERNESS","34452",1104358,1,"Food","Routine - Food","Inspection Completed - No Further Action","06/22/2016",,,0,0,0,0,"Y",0,0,0,0,0,0,0,0,0,0,0,0,0,0,0,0,0,0,0,0,0,0,0,0,0,0,0,0,0,0,0,0,0,0,0,0,0,0,0,0,0,0,0,0,0,0,0,0,0,0,0,0,0,0,0,0,0,0,3713579,5621243
"D3","19","Citrus","2010",1900004,"ROBIN'S COUNTRY KITCHEN","6689 S FLORIDA AVE","FLORAL CITY","34436",2561455,1,"Food","Routine - Food","Inspection Completed - No Further Action","03/29/2016",,,8,0,1,7,"Y",0,0,0,0,0,0,0,0,0,1,0,0,1,1,0,0,0,0,0,0,0,1,0,0,0,0,0,0,0,0,0,1,1,0,0,2,0,0,0,0,0,0,0,0,0,0,0,0,0,0,0,0,0,0,0,0,0,0,5551181,5774342
"D3","19","Citrus","2010",1900004,"ROBIN'S COUNTRY KITCHEN","6689 S FLORIDA AVE","FLORAL CITY","34436",2521531,1,"Food","Routine - Food","Inspection Completed - No Further Action","11/04/2015",,,7,2,1,4,"Y",0,0,1,0,0,0,0,0,0,0,0,0,1,1,0,0,0,0,0,0,1,1,0,1,0,0,0,0,1,0,0,0,0,0,0,0,0,0,0,0,0,0,0,0,0,0,0,0,0,0,0,0,0,0,0,0,0,0,5551181,5642018
"D3","19","Citrus","2015",1900005,"LOWES #1853","2301 E GULF TO LAKE HWY","INVERNESS","34453",1104359,1,"Food","Routine - Food","Inspection Completed - No Further Action","07/20/2015",,,0,0,0,0,"Y",0,0,0,0,0,0,0,0,0,0,0,0,0,0,0,0,0,0,0,0,0,0,0,0,0,0,0,0,0,0,0,0,0,0,0,0,0,0,0,0,0,0,0,0,0,0,0,0,0,0,0,0,0,0,0,0,0,0,3713587,5621244
"D3","19","Citrus","2010",1900006,"KENTUCKY FRIED CHICKEN","849 SE US HWY 19","CRYSTAL RIVER","344294813",2494690,1,"Food","Routine - Food","Warning Issued","11/17/2015",,,6,1,1,4,"Y",0,0,0,0,0,0,0,0,0,0,0,0,0,2,0,0,0,0,0,0,0,0,0,0,0,0,1,0,1,0,0,0,1,0,0,0,0,0,0,0,1,0,0,0,0,0,0,0,0,0,0,0,0,0,0,0,0,0,2149895,5598938
"D3","19","Citrus","2010",1900006,"KENTUCKY FRIED CHICKEN","849 SE US HWY 19","CRYSTAL RIVER","344294813",2494690,2,"Food","Routine - Food","Call Back - Complied","01/25/2016",,,2,0,0,2,"Y",0,0,0,0,0,0,0,0,0,0,0,0,0,1,0,0,0,0,0,0,0,0,0,0,0,0,0,0,1,0,0,0,0,0,0,0,0,0,0,0,0,0,0,0,0,0,0,0,0,0,0,0,0,0,0,0,0,0,2149895,5782147
"D3","19","Citrus","2010",1900011,"MARGARITA BREEZE","1610 SE PARADISE CIR","CRYSTAL RIVER","34429",2479190,3,"Food","Routine - Food","Admin. Complaint Callback Complied","09/03/2015",,,0,0,0,0,"Y",0,0,0,0,0,0,0,0,0,0,0,0,0,0,0,0,0,0,0,0,0,0,0,0,0,0,0,0,0,0,0,0,0,0,0,0,0,0,0,0,0,0,0,0,0,0,0,0,0,0,0,0,0,0,0,0,0,0,5444847,5726820
"D3","19","Citrus","2010",1900011,"MARGARITA BREEZE","1610 SE PARADISE CIR","CRYSTAL RIVER","34429",2568235,1,"Food","Routine - Food","Warning Issued","04/13/2016",,,13,1,4,8,"Y",0,0,0,0,0,0,0,1,0,0,0,0,0,0,0,0,0,0,0,0,0,3,1,0,0,0,0,0,1,0,0,0,0,0,3,2,0,1,0,0,0,0,0,0,0,0,0,0,0,0,0,0,1,0,0,0,0,0,5444847,5797161
"D3","19","Citrus","2010",1900011,"MARGARITA BREEZE","1610 SE PARADISE CIR","CRYSTAL RIVER","34429",2568235,2,"Food","Routine - Food","Call Back - Complied","04/14/2016",,,8,0,2,6,"Y",0,0,0,0,0,0,0,1,0,0,0,0,0,0,0,0,0,0,0,0,0,2,1,0,0,0,0,0,1,0,0,0,0,0,1,2,0,0,0,0,0,0,0,0,0,0,0,0,0,0,0,0,0,0,0,0,0,0,5444847,5867238
"D3","19","Citrus","2010",1900011,"MARGARITA BREEZE","1610 SE PARADISE CIR","CRYSTAL RIVER","34429",2521117,1,"Food","Routine - Food","Inspection Completed - No Further Action","12/10/2015",,,10,1,5,4,"Y",0,0,0,0,1,0,0,1,1,1,0,0,0,0,0,2,0,0,0,0,0,1,0,0,0,0,0,0,0,0,1,1,0,0,0,1,0,0,0,0,0,0,0,0,0,0,0,0,0,0,0,0,0,0,0,0,0,0,5444847,5641452
"D3","19","Citrus","2010",1900023,"HOMOSASSA RIVERSIDE RESORT LLC","5295 S CHEROKEE WAY","HOMOSASSA","344484424",2497939,1,"Food","Routine - Food","Inspection Completed - No Further Action","11/18/2015",,,6,2,1,3,"Y",0,0,1,0,0,0,0,1,0,0,0,0,0,1,0,0,0,0,0,0,0,0,0,0,0,0,1,0,1,0,0,0,0,0,1,0,0,0,0,0,0,0,0,0,0,0,0,0,0,0,0,0,0,0,0,0,0,0,2149900,5605250
"D3","19","Citrus","2010",1900023,"HOMOSASSA RIVERSIDE RESORT LLC","5295 S CHEROKEE WAY","HOMOSASSA","344484424",2563848,1,"Food","Routine - Food","Inspection Completed - No Further Action","04/12/2016",,,6,1,1,4,"Y",0,0,0,0,0,0,0,0,0,0,0,0,0,1,0,0,0,0,0,0,0,0,0,0,0,0,1,0,2,0,0,0,0,0,1,0,0,1,0,0,0,0,0,0,0,0,0,0,0,0,0,0,0,0,0,0,0,0,2149900,5783459
"D3","19","Citrus","2010",1900026,"OYSTERS RESTAURANT","606 NE US HWY 19","CRYSTAL RIVER","34429",2562584,1,"Food","Routine - Food","Warning Issued","03/29/2016",,,21,4,4,13,"Y",1,2,1,0,1,0,0,2,1,0,0,0,0,2,0,0,0,0,0,0,0,1,2,0,0,0,0,0,1,0,0,0,2,0,2,2,0,1,0,0,0,0,0,0,0,0,0,0,0,0,0,0,0,0,0,0,0,0,2149902,5779026
"D3","19","Citrus","2010",1900026,"OYSTERS RESTAURANT","606 NE US HWY 19","CRYSTAL RIVER","34429",2490991,1,"Food","Routine - Food","Inspection Completed - No Further Action","11/12/2015",,,22,3,3,16,"Y",1,2,2,0,1,0,0,1,0,1,0,1,0,2,0,0,0,0,0,0,0,0,3,0,0,0,0,0,0,0,0,0,2,0,0,5,0,1,0,0,0,0,0,0,0,0,1,0,0,0,0,0,0,0,0,0,0,0,2149902,5591331
"D3","19","Citrus","2010",1900026,"OYSTERS RESTAURANT","606 NE US HWY 19","CRYSTAL RIVER","34429",2562584,2,"Food","Routine - Food","Call Back - Complied","03/30/2016",,,6,0,2,4,"Y",1,0,0,0,0,0,0,2,0,0,0,0,0,2,0,0,0,0,0,0,0,1,0,0,0,0,0,0,0,0,0,0,0,0,0,0,0,0,0,0,0,0,0,0,0,0,0,0,0,0,0,0,0,0,0,0,0,0,2149902,5858176
"D3","19","Citrus","2010",1900029,"RESTAURANT B&W REXALL (THE)","214 S US HWY 41","INVERNESS","344504997",2573186,2,"Food","Routine - Food","Call Back - Complied","06/21/2016",,,4,0,1,3,"Y",0,0,0,0,1,0,0,0,0,1,0,0,0,1,0,0,0,0,0,0,0,1,0,0,0,0,0,0,0,0,0,0,0,0,0,0,0,0,0,0,0,0,0,0,0,0,0,0,0,0,0,0,0,0,0,0,0,0,2149906,5904687
"D3","19","Citrus","2010",1900029,"RESTAURANT B&W REXALL (THE)","214 S US HWY 41","INVERNESS","344504997",2490992,1,"Food","Routine - Food","Inspection Completed - No Further Action","01/14/2016",,,21,4,2,15,"Y",0,0,1,0,0,0,0,3,0,0,0,0,0,4,0,1,0,0,0,0,0,2,1,1,0,0,0,0,1,0,0,1,0,0,0,3,0,0,0,0,1,0,0,0,0,0,0,0,0,0,2,0,0,0,0,0,0,0,2149906,5591332
"D3","19","Citrus","2010",1900029,"RESTAURANT B&W REXALL (THE)","214 S US HWY 41","INVERNESS","344504997",2573186,1,"Food","Routine - Food","Warning Issued","06/20/2016",,,16,4,4,8,"Y",1,1,3,0,2,0,0,0,0,1,0,0,0,1,0,0,0,0,0,0,1,2,0,0,0,0,0,0,0,0,0,0,1,0,0,3,0,0,0,0,0,0,0,0,0,0,0,0,0,0,0,0,0,0,0,0,0,0,2149906,5816643
"D3","19","Citrus","2010",1900031,"INVERNESS GOLF CLB D R","3150 S CTRY CLUB DR","INVERNESS","34450",2494691,1,"Food","Routine - Food","Inspection Completed - No Further Action","12/08/2015",,,22,1,3,18,"Y",0,0,0,0,1,0,0,0,0,1,0,0,0,2,0,1,0,0,0,0,0,2,2,1,0,0,0,0,1,0,0,0,0,0,0,7,0,0,0,1,2,0,0,0,0,0,0,0,0,1,0,0,0,0,0,0,0,0,2149908,5598939
"D3","19","Citrus","2010",1900031,"INVERNESS GOLF CLB D R","3150 S CTRY CLUB DR","INVERNESS","34450",2567423,1,"Food","Routine - Food","Inspection Completed - No Further Action","05/25/2016",,,18,1,8,9,"Y",0,0,0,0,1,0,0,1,0,0,0,1,0,0,0,1,0,0,0,0,0,3,1,0,0,0,0,0,0,0,4,0,0,0,0,3,0,1,0,0,2,0,0,0,0,0,0,0,0,0,0,0,0,0,0,0,0,0,2149908,5794970
"D3","19","Citrus","2010",1900038,"TWO GUYS FROM ITALY RESTAURANT","5792 S SUNCOAST BLVD","HOMOSASSA","344462601",2544804,1,"Food","Complaint Full","Inspection Completed - No Further Action","08/19/2015",,,16,4,3,9,"Y",0,1,2,0,0,0,0,2,0,0,0,0,1,1,0,0,0,0,0,0,0,1,3,0,0,0,0,0,1,0,2,0,0,0,1,1,0,0,0,0,0,0,0,0,0,0,0,0,0,0,0,0,0,0,0,0,0,0,2149910,5713303
"D3","19","Citrus","2010",1900038,"TWO GUYS FROM ITALY RESTAURANT","5792 S SUNCOAST BLVD","HOMOSASSA","344462601",2490995,1,"Food","Routine - Food","Warning Issued","06/21/2016",,,17,3,2,12,"Y",1,0,2,0,0,0,0,1,0,0,1,0,0,1,0,1,0,0,0,0,0,1,1,0,0,0,0,0,0,0,1,0,0,0,0,7,0,0,0,0,0,0,0,0,0,0,0,0,0,0,0,0,0,0,0,0,0,0,2149910,5591335
"D3","19","Citrus","2010",1900038,"TWO GUYS FROM ITALY RESTAURANT","5792 S SUNCOAST BLVD","HOMOSASSA","344462601",2490995,2,"Food","Routine - Food","Call Back - Complied","06/22/2016",,,2,0,1,1,"Y",0,0,0,0,0,0,0,0,0,0,0,0,0,0,0,0,0,0,0,0,0,1,0,0,0,0,0,0,0,0,0,0,0,0,0,1,0,0,0,0,0,0,0,0,0,0,0,0,0,0,0,0,0,0,0,0,0,0,2149910,5905582
"D3","19","Citrus","2010",1900038,"TWO GUYS FROM ITALY RESTAURANT","5792 S SUNCOAST BLVD","HOMOSASSA","344462601",2562859,1,"Food","Complaint Full","Inspection Completed - No Further Action","11/17/2015",,,12,2,3,7,"Y",0,1,1,0,1,0,0,0,0,0,0,1,0,1,0,1,0,0,0,0,0,0,1,0,0,0,0,0,1,0,2,0,0,0,0,2,0,0,0,0,0,0,0,0,0,0,0,0,0,0,0,0,0,0,0,0,0,0,2149910,5780027
"D3","19","Citrus","2010",1900046,"SPORTSMEN'S BOWL","100 N FLORIDA AVE","INVERNESS","344531605",2494694,1,"Food","Routine - Food","Inspection Completed - No Further Action","06/22/2016",,,2,1,0,1,"Y",0,0,0,0,0,0,0,0,0,0,0,0,0,0,0,0,0,0,0,0,0,0,0,0,0,0,0,0,0,0,0,0,0,0,1,1,0,0,0,0,0,0,0,0,0,0,0,0,0,0,0,0,0,0,0,0,0,0,2149913,5598945
"D3","19","Citrus","2010",1900058,"POINT O WOODS GOLF CLUB","95 S. GOLF HARBOR PATH","INVERNESS","34450",2507870,1,"Food","Routine - Food","Inspection Completed - No Further Action","12/01/2015",,,7,2,3,2,"Y",0,0,1,0,0,0,0,1,0,1,0,0,0,0,0,0,0,0,0,0,0,1,1,0,0,0,0,0,0,0,2,0,0,0,0,0,0,0,0,0,0,0,0,0,0,0,0,0,0,0,0,0,0,0,0,0,0,0,3776417,5622210
"D3","19","Citrus","2010",1900062,"WILDSIDE CAFE","4150 S SUNCOAST BLVD","HOMOSASSA","34446",2513578,1,"Food","Routine - Food","Inspection Completed - No Further Action","09/14/2015",,,2,0,0,2,"Y",0,0,0,0,0,0,0,1,0,0,0,0,0,0,0,0,0,0,0,0,0,0,0,0,0,0,0,0,0,0,0,0,0,0,0,0,0,0,0,1,0,0,0,0,0,0,0,0,0,0,0,0,0,0,0,0,0,0,4279728,5630323
"D3","19","Citrus","2010",1900064,"CHASSAHOWITZKA RIVER LODGE","8501 W MISS MAGGIE DRIVE","HOMOSASSA","34448",2570025,2,"Food","Complaint Full","Call Back - Complied","02/25/2016",,,2,0,0,2,"Y",0,0,0,0,0,0,0,0,0,0,0,0,0,0,0,0,0,0,0,0,0,0,0,1,0,0,0,0,0,0,0,0,0,0,0,0,0,1,0,0,0,0,0,0,0,0,0,0,0,0,0,0,0,0,0,0,0,0,4103843,5805192
"D3","19","Citrus","2010",1900064,"CHASSAHOWITZKA RIVER LODGE","8501 W MISS MAGGIE DRIVE","HOMOSASSA","34448",2511646,2,"Food","Routine - Food","Call Back - Complied","11/04/2015",,,3,0,1,2,"Y",0,0,0,0,2,0,0,0,0,0,0,0,0,0,0,0,0,0,0,0,0,0,0,0,0,0,0,0,0,0,0,0,0,0,1,0,0,0,0,0,0,0,0,0,0,0,0,0,0,0,0,0,0,0,0,0,0,0,4103843,5725263
"D3","19","Citrus","2010",1900064,"CHASSAHOWITZKA RIVER LODGE","8501 W MISS MAGGIE DRIVE","HOMOSASSA","34448",2570025,1,"Food","Complaint Full","Warning Issued","12/22/2015",,,10,0,3,7,"Y",0,0,0,0,1,0,0,0,0,0,0,0,1,0,0,0,0,0,0,0,0,0,1,1,0,0,1,0,1,0,0,2,0,0,0,0,0,1,0,0,0,0,0,0,0,0,0,0,0,0,0,0,1,0,0,0,0,0,4103843,5803230
"D3","19","Citrus","2010",1900064,"CHASSAHOWITZKA RIVER LODGE","8501 W MISS MAGGIE DRIVE","HOMOSASSA","34448",2511646,1,"Food","Routine - Food","Warning Issued","08/31/2015",,,8,0,5,3,"Y",0,1,0,0,2,0,0,0,0,0,0,0,0,1,0,0,0,0,0,0,0,1,0,0,0,0,1,0,0,0,0,0,0,0,1,0,0,0,0,0,0,0,0,0,1,0,0,1,0,0,0,0,1,0,0,0,0,0,4103843,5627568
"D3","19","Citrus","2010",1900126,"CITRUS SPGS GOLF&COUNTRY CLUB","8690 N GOLF VIEW DR","CITRUS SPGS","344345820",2571331,2,"Food","Routine - Food","Call Back - Complied","06/09/2016",,,1,0,0,1,"Y",0,0,0,0,0,0,0,0,0,0,0,0,0,1,0,0,0,0,0,0,0,0,0,0,0,0,0,0,0,0,0,0,0,0,0,0,0,0,0,0,0,0,0,0,0,0,0,0,0,0,0,0,0,0,0,0,0,0,2149937,5898896
"D3","19","Citrus","2010",1900126,"CITRUS SPGS GOLF&COUNTRY CLUB","8690 N GOLF VIEW DR","CITRUS SPGS","344345820",2494695,1,"Food","Routine - Food","Inspection Completed - No Further Action","12/29/2015",,,7,0,2,5,"Y",0,1,0,0,0,0,0,0,0,0,0,0,0,1,0,0,0,0,0,0,0,1,1,0,0,0,0,0,0,0,1,0,0,0,1,1,0,0,0,0,0,0,0,0,0,0,0,0,0,0,0,0,0,0,0,0,0,0,2149937,5598951
"D3","19","Citrus","2010",1900126,"CITRUS SPGS GOLF&COUNTRY CLUB","8690 N GOLF VIEW DR","CITRUS SPGS","344345820",2571331,1,"Food","Routine - Food","Warning Issued","06/08/2016",,,13,3,1,9,"Y",0,0,0,0,0,0,0,0,0,0,0,0,0,3,0,1,0,0,0,0,0,0,1,0,0,0,0,0,1,0,1,0,0,0,2,2,0,0,0,0,1,0,0,0,0,0,0,0,0,0,1,0,0,0,0,0,0,0,2149937,5808022
"D3","19","Citrus","2010",1900132,"FAT BOY'S BAR-B-QUE","505 NE US HWY 19","CRYSTAL RIVER","344294238",2566372,1,"Food","Routine - Food","Inspection Completed - No Further Action","04/12/2016",,,4,1,0,3,"Y",0,0,0,0,0,0,0,0,0,0,0,0,0,0,0,0,0,0,0,0,0,1,1,0,0,0,0,0,0,0,0,0,0,0,0,0,0,2,0,0,0,0,0,0,0,0,0,0,0,0,0,0,0,0,0,0,0,0,2149938,5792005
"D3","19","Citrus","2010",1900132,"FAT BOY'S BAR-B-QUE","505 NE US HWY 19","CRYSTAL RIVER","344294238",2490996,1,"Food","Routine - Food","Inspection Completed - No Further Action","12/03/2015",,,6,1,1,4,"Y",0,0,0,0,0,0,0,0,2,0,0,0,0,0,0,0,0,0,0,0,0,1,1,0,0,0,0,0,0,0,0,0,0,0,0,0,0,1,0,0,0,0,0,0,0,0,0,0,0,1,0,0,0,0,0,0,0,0,2149938,5591338
"D3","19","Citrus","2010",1900133,"7 RIVERS LLC","7395 W PINEBROOK ST","CRYSTAL RIVER","34429",2523265,1,"Food","Routine - Food","Warning Issued","09/22/2015",,,11,0,4,7,"Y",0,0,0,0,1,0,0,1,0,0,0,0,0,0,0,1,0,0,0,0,0,0,0,0,0,0,0,0,0,0,1,2,2,0,1,1,0,0,0,0,0,0,0,0,0,0,0,0,0,0,1,0,0,0,0,0,0,0,5909639,5644618
"D3","19","Citrus","2010",1900133,"7 RIVERS LLC","7395 W PINEBROOK ST","CRYSTAL RIVER","34429",2552535,2,"Food","Routine - Food","Call Back - Extension given, pending","03/17/2016",,,4,0,1,3,"Y",0,0,0,0,0,0,0,1,0,0,0,0,0,1,0,0,0,0,0,0,0,0,0,0,0,0,0,0,0,0,0,1,0,0,0,0,0,0,0,0,0,0,0,0,0,0,0,0,0,0,0,0,1,0,0,0,0,0,5909639,5845331
